TransactionID,CustomerID,ProductID,TransactionDate,Quantity,TotalValue,Price
T00001,C0199,67,2024-08-25 12:38:00.0000000,1,30068,30068
T00002,C0092,34,2024-12-16 03:31:00.0000000,2,4341,21705
T00003,C0028,57,2024-01-25 14:28:00.0000000,4,9588,2397
T00004,C0004,49,2024-07-19 10:56:00.0000000,4,5918,14795
T00005,C0150,87,2024-05-25 17:44:00.0000000,2,58034,29017
T00006,C0076,53,2024-12-01 20:44:00.0000000,3,82482,27494
T00007,C0173,23,2024-05-06 18:05:00.0000000,4,181812,45453
T00008,C0067,69,2024-10-17 00:45:00.0000000,1,10081,10081
T00009,C0086,95,2024-04-06 03:41:00.0000000,4,90904,22726
T00010,C0194,53,2024-03-14 11:55:00.0000000,1,27494,27494
T00011,C0162,62,2024-04-03 03:46:00.0000000,1,37416,37416
T00012,C0091,41,2024-03-29 01:28:00.0000000,4,182512,45628
T00013,C0183,57,2024-03-04 22:09:00.0000000,4,9588,2397
T00014,C0105,60,2024-08-05 07:35:00.0000000,1,15565,15565
T00015,C0001,54,2024-01-19 03:12:00.0000000,2,1146,573
T00016,C0072,70,2024-07-05 23:04:00.0000000,2,9738,4869
T00017,C0087,57,2024-05-09 03:52:00.0000000,4,9588,2397
T00018,C0166,10,2024-09-21 22:21:00.0000000,3,105039,35013
T00019,C0006,40,2024-06-05 01:19:00.0000000,2,30638,15319
T00020,C0153,7,2024-07-16 22:33:00.0000000,4,16806,42015
T00021,C0145,38,2024-01-11 09:47:00.0000000,2,29444,14722
T00022,C0061,85,2024-08-19 08:16:00.0000000,3,124905,41635
T00023,C0012,61,2024-06-18 10:55:00.0000000,4,62784,15696
T00024,C0006,84,2024-06-13 10:35:00.0000000,3,101373,33791
T00025,C0027,3,2024-10-11 21:32:00.0000000,4,17648,4412
T00026,C0136,51,2024-02-01 08:58:00.0000000,3,19548,6516
T00027,C0124,86,2024-03-30 21:17:00.0000000,2,8814,4407
T00028,C0106,47,2024-11-27 05:40:00.0000000,2,31866,15933
T00029,C0193,68,2024-02-12 03:10:00.0000000,3,134169,44723
T00030,C0185,92,2024-08-20 05:30:00.0000000,3,11676,3892
T00031,C0093,76,2024-08-31 18:20:00.0000000,3,128787,42929
T00032,C0109,38,2024-11-07 01:47:00.0000000,4,58888,14722
T00033,C0099,36,2024-12-17 22:52:00.0000000,2,7451,37255
T00034,C0168,41,2024-01-09 11:00:00.0000000,4,182512,45628
T00035,C0142,69,2024-08-20 15:26:00.0000000,2,20162,10081
T00036,C0035,13,2024-01-17 12:40:00.0000000,1,1142,1142
T00037,C0176,87,2024-03-09 04:58:00.0000000,4,116068,29017
T00038,C0084,58,2024-09-05 08:46:00.0000000,2,31524,15762
T00039,C0056,50,2024-10-16 01:04:00.0000000,2,8753,43765
T00040,C0177,30,2024-06-27 19:13:00.0000000,4,111144,27786
T00041,C0141,62,2024-02-13 23:56:00.0000000,4,149664,37416
T00042,C0189,25,2024-12-21 02:16:00.0000000,2,56924,28462
T00043,C0049,27,2024-03-02 16:59:00.0000000,4,91624,22906
T00044,C0046,51,2024-03-09 09:06:00.0000000,3,19548,6516
T00045,C0113,78,2024-07-09 02:53:00.0000000,4,16472,4118
T00046,C0190,57,2024-07-28 06:29:00.0000000,4,9588,2397
T00047,C0136,47,2024-04-23 17:09:00.0000000,4,63732,15933
T00048,C0043,100,2024-04-23 22:46:00.0000000,2,25268,12634
T00049,C0148,39,2024-06-23 14:05:00.0000000,3,129177,43059
T00050,C0124,16,2024-10-07 07:58:00.0000000,1,33005,33005
T00051,C0097,22,2024-03-23 05:58:00.0000000,1,13754,13754
T00052,C0090,85,2024-02-25 18:56:00.0000000,3,124905,41635
T00053,C0039,54,2024-09-30 14:42:00.0000000,3,1719,573
T00054,C0085,21,2024-02-05 07:45:00.0000000,3,100752,33584
T00055,C0177,72,2024-06-12 20:54:00.0000000,2,79868,39934
T00056,C0192,16,2024-02-07 14:37:00.0000000,1,33005,33005
T00057,C0062,59,2024-07-03 07:10:00.0000000,3,9096,3032
T00058,C0106,31,2024-09-18 09:38:00.0000000,2,3928,1964
T00059,C0107,42,2024-06-29 13:17:00.0000000,1,37944,37944
T00060,C0054,74,2024-05-06 13:06:00.0000000,4,118232,29558
T00061,C0126,32,2024-01-16 00:42:00.0000000,2,97726,48863
T00062,C0009,59,2024-10-12 06:41:00.0000000,1,3032,3032
T00063,C0088,34,2024-06-19 07:16:00.0000000,2,4341,21705
T00064,C0037,9,2024-09-15 03:50:00.0000000,1,32501,32501
T00065,C0049,81,2024-02-01 19:05:00.0000000,1,6632,6632
T00066,C0041,11,2024-01-21 22:41:00.0000000,4,10448,2612
T00067,C0017,96,2024-03-31 19:29:00.0000000,2,61494,30747
T00068,C0088,10,2024-09-22 23:11:00.0000000,3,105039,35013
T00069,C0021,86,2024-01-13 00:48:00.0000000,4,17628,4407
T00070,C0051,17,2024-12-11 13:46:00.0000000,4,187908,46977
T00071,C0059,68,2024-10-24 00:10:00.0000000,1,44723,44723
T00072,C0167,48,2024-05-23 19:17:00.0000000,3,12492,4164
T00073,C0183,52,2024-11-13 14:33:00.0000000,2,70962,35481
T00074,C0041,25,2024-03-10 02:20:00.0000000,3,85386,28462
T00075,C0039,21,2024-10-27 13:50:00.0000000,3,100752,33584
T00076,C0141,65,2024-09-23 20:32:00.0000000,3,128283,42761
T00077,C0192,63,2024-06-15 17:12:00.0000000,3,10077,3359
T00078,C0011,89,2024-03-23 02:59:00.0000000,3,66273,22091
T00079,C0147,51,2024-05-09 16:33:00.0000000,1,6516,6516
T00080,C0139,36,2024-04-09 07:47:00.0000000,1,37255,37255
T00081,C0077,81,2024-11-02 19:35:00.0000000,4,26528,6632
T00082,C0127,88,2024-08-25 05:43:00.0000000,1,26355,26355
T00083,C0046,66,2024-04-08 10:34:00.0000000,4,134888,33722
T00084,C0045,15,2024-08-02 13:45:00.0000000,4,63572,15893
T00085,C0001,96,2024-04-08 00:01:00.0000000,2,61494,30747
T00086,C0168,39,2024-07-14 14:57:00.0000000,3,129177,43059
T00087,C0108,70,2024-02-16 19:58:00.0000000,1,4869,4869
T00088,C0019,1,2024-01-30 17:23:00.0000000,2,3386,1693
T00089,C0076,23,2024-06-19 23:01:00.0000000,1,45453,45453
T00090,C0072,39,2024-03-10 16:04:00.0000000,4,172236,43059
T00091,C0200,57,2024-04-27 19:06:00.0000000,1,2397,2397
T00092,C0189,81,2024-04-15 01:10:00.0000000,3,19896,6632
T00093,C0109,34,2024-08-11 04:10:00.0000000,4,8682,21705
T00094,C0012,41,2024-07-14 19:37:00.0000000,4,182512,45628
T00095,C0189,93,2024-09-13 18:57:00.0000000,2,60988,30494
T00096,C0161,73,2024-03-23 00:07:00.0000000,3,8097,2699
T00097,C0045,13,2024-06-08 14:47:00.0000000,4,4568,1142
T00098,C0090,70,2024-08-28 02:11:00.0000000,3,14607,4869
T00099,C0103,6,2024-09-30 23:30:00.0000000,1,12132,12132
T00100,C0197,84,2024-05-08 15:48:00.0000000,3,101373,33791
T00101,C0008,52,2024-09-16 22:10:00.0000000,4,141924,35481
T00102,C0153,3,2024-07-20 16:04:00.0000000,2,8824,4412
T00103,C0091,81,2024-08-13 03:22:00.0000000,4,26528,6632
T00104,C0174,63,2024-01-12 03:22:00.0000000,3,10077,3359
T00105,C0087,49,2024-02-12 08:14:00.0000000,3,44385,14795
T00106,C0158,76,2024-09-12 09:25:00.0000000,4,171716,42929
T00107,C0175,47,2024-09-25 20:31:00.0000000,3,47799,15933
T00108,C0177,55,2024-11-04 03:30:00.0000000,1,12853,12853
T00109,C0175,64,2024-11-20 09:53:00.0000000,4,180968,45242
T00110,C0084,65,2024-08-13 10:30:00.0000000,2,85522,42761
T00111,C0082,81,2024-09-16 22:57:00.0000000,4,26528,6632
T00112,C0146,67,2024-05-27 22:23:00.0000000,1,30068,30068
T00113,C0194,90,2024-08-26 15:16:00.0000000,1,1653,1653
T00114,C0068,15,2024-05-28 18:07:00.0000000,1,15893,15893
T00115,C0161,100,2024-03-10 02:22:00.0000000,1,12634,12634
T00116,C0127,32,2024-08-15 21:51:00.0000000,1,48863,48863
T00117,C0164,96,2024-03-25 07:41:00.0000000,2,61494,30747
T00118,C0082,68,2024-11-30 07:11:00.0000000,3,134169,44723
T00119,C0147,18,2024-03-13 02:57:00.0000000,1,43689,43689
T00120,C0156,83,2024-02-27 16:09:00.0000000,1,45572,45572
T00121,C0168,43,2024-10-23 06:09:00.0000000,4,16176,4044
T00122,C0084,35,2024-09-12 13:59:00.0000000,2,6118,3059
T00123,C0113,78,2024-07-25 17:05:00.0000000,2,8236,4118
T00124,C0076,58,2024-02-07 01:32:00.0000000,3,47286,15762
T00125,C0122,33,2024-01-26 05:19:00.0000000,2,1285,6425
T00126,C0143,14,2024-12-05 07:49:00.0000000,4,10504,2626
T00127,C0041,34,2024-06-03 21:07:00.0000000,4,8682,21705
T00128,C0167,61,2024-10-01 14:05:00.0000000,3,47088,15696
T00129,C0002,4,2024-06-11 23:59:00.0000000,4,38276,9569
T00130,C0191,88,2024-08-15 13:06:00.0000000,1,26355,26355
T00131,C0029,59,2024-06-13 02:56:00.0000000,1,3032,3032
T00132,C0105,29,2024-09-03 19:50:00.0000000,4,173456,43364
T00133,C0194,83,2024-09-26 23:48:00.0000000,3,136716,45572
T00134,C0051,6,2024-01-03 04:06:00.0000000,2,24264,12132
T00135,C0075,97,2024-04-29 19:03:00.0000000,3,95802,31934
T00136,C0010,49,2024-02-22 18:44:00.0000000,2,2959,14795
T00137,C0142,40,2024-04-03 12:44:00.0000000,4,61276,15319
T00138,C0051,83,2024-04-26 22:10:00.0000000,4,182288,45572
T00139,C0118,65,2024-04-13 02:29:00.0000000,1,42761,42761
T00140,C0121,69,2024-03-18 09:16:00.0000000,2,20162,10081
T00141,C0039,27,2024-07-08 19:55:00.0000000,3,68718,22906
T00142,C0028,80,2024-08-04 12:38:00.0000000,4,12140,3035
T00143,C0003,6,2024-06-16 05:24:00.0000000,3,36396,12132
T00144,C0084,13,2024-01-24 09:21:00.0000000,1,1142,1142
T00145,C0198,64,2024-09-29 16:14:00.0000000,2,90484,45242
T00146,C0155,62,2024-07-24 07:11:00.0000000,2,74832,37416
T00147,C0117,99,2024-08-05 20:03:00.0000000,4,141716,35429
T00148,C0002,19,2024-02-28 07:44:00.0000000,2,77074,38537
T00149,C0093,76,2024-07-13 13:50:00.0000000,4,171716,42929
T00150,C0166,80,2024-10-22 12:08:00.0000000,1,3035,3035
T00151,C0131,43,2024-12-19 17:58:00.0000000,2,8088,4044
T00152,C0144,74,2024-04-17 01:46:00.0000000,4,118232,29558
T00153,C0094,89,2024-11-05 07:32:00.0000000,3,66273,22091
T00154,C0040,20,2023-12-31 06:53:00.0000000,4,158536,39634
T00155,C0002,95,2024-07-12 10:18:00.0000000,2,45452,22726
T00156,C0081,68,2024-11-08 18:02:00.0000000,1,44723,44723
T00157,C0169,44,2024-11-09 09:07:00.0000000,2,3764,1882
T00158,C0012,23,2024-05-30 03:34:00.0000000,2,90906,45453
T00159,C0163,2,2024-10-12 03:12:00.0000000,4,13852,3463
T00160,C0065,22,2024-07-29 06:59:00.0000000,3,41262,13754
T00161,C0055,57,2024-07-15 07:02:00.0000000,2,4794,2397
T00162,C0045,72,2024-08-26 13:10:00.0000000,3,119802,39934
T00163,C0101,7,2024-03-13 22:33:00.0000000,4,16806,42015
T00164,C0062,78,2024-07-10 08:49:00.0000000,3,12354,4118
T00165,C0049,56,2024-03-18 04:33:00.0000000,4,6432,1608
T00166,C0127,67,2024-04-25 07:38:00.0000000,1,30068,30068
T00167,C0153,16,2024-07-05 11:53:00.0000000,3,99015,33005
T00168,C0023,83,2024-09-26 17:22:00.0000000,3,136716,45572
T00169,C0152,51,2024-06-09 15:20:00.0000000,1,6516,6516
T00170,C0038,82,2024-02-29 01:45:00.0000000,3,16797,5599
T00171,C0028,80,2024-09-19 03:29:00.0000000,1,3035,3035
T00172,C0021,72,2024-07-14 06:50:00.0000000,2,79868,39934
T00173,C0182,97,2024-05-09 17:32:00.0000000,4,127736,31934
T00174,C0107,12,2024-02-21 23:48:00.0000000,1,1596,1596
T00175,C0146,53,2024-12-18 18:28:00.0000000,3,82482,27494
T00176,C0164,75,2024-10-20 16:20:00.0000000,1,49776,49776
T00177,C0099,5,2024-06-14 08:41:00.0000000,3,128793,42931
T00178,C0173,27,2024-01-05 13:14:00.0000000,2,45812,22906
T00179,C0119,12,2024-11-27 08:06:00.0000000,1,1596,1596
T00180,C0073,17,2024-03-11 15:12:00.0000000,2,93954,46977
T00181,C0181,6,2024-07-21 03:18:00.0000000,4,48528,12132
T00182,C0122,97,2024-05-08 22:24:00.0000000,3,95802,31934
T00183,C0030,5,2024-08-24 01:19:00.0000000,3,128793,42931
T00184,C0188,57,2024-05-13 07:24:00.0000000,2,4794,2397
T00185,C0108,28,2024-03-07 03:54:00.0000000,4,94232,23558
T00186,C0098,78,2024-04-02 07:44:00.0000000,1,4118,4118
T00187,C0032,69,2024-02-24 09:30:00.0000000,1,10081,10081
T00188,C0195,59,2024-05-21 03:08:00.0000000,3,9096,3032
T00189,C0195,33,2024-04-05 04:56:00.0000000,2,1285,6425
T00190,C0156,62,2024-09-25 19:36:00.0000000,2,74832,37416
T00191,C0172,50,2024-11-21 12:52:00.0000000,1,43765,43765
T00192,C0079,19,2024-03-28 04:39:00.0000000,4,154148,38537
T00193,C0041,86,2024-06-10 11:46:00.0000000,4,17628,4407
T00194,C0063,69,2024-09-28 06:07:00.0000000,1,10081,10081
T00195,C0023,66,2024-11-02 10:20:00.0000000,1,33722,33722
T00196,C0104,94,2024-07-11 17:39:00.0000000,2,89468,44734
T00197,C0075,47,2024-02-21 11:11:00.0000000,4,63732,15933
T00198,C0048,39,2024-09-17 07:53:00.0000000,1,43059,43059
T00199,C0160,68,2024-01-07 09:51:00.0000000,1,44723,44723
T00200,C0057,33,2024-03-05 04:58:00.0000000,3,19275,6425
T00201,C0118,13,2024-11-14 13:58:00.0000000,1,1142,1142
T00202,C0100,84,2024-01-31 14:10:00.0000000,1,33791,33791
T00203,C0124,54,2024-03-31 16:50:00.0000000,4,2292,573
T00204,C0161,7,2024-01-31 01:11:00.0000000,2,8403,42015
T00205,C0152,79,2024-04-09 09:14:00.0000000,4,166948,41737
T00206,C0167,87,2024-05-05 05:32:00.0000000,2,58034,29017
T00207,C0034,14,2024-06-19 02:53:00.0000000,3,7878,2626
T00208,C0184,87,2024-08-14 02:02:00.0000000,1,29017,29017
T00209,C0156,19,2024-09-06 12:12:00.0000000,3,115611,38537
T00210,C0165,54,2024-08-15 15:59:00.0000000,2,1146,573
T00211,C0007,93,2024-03-29 14:35:00.0000000,4,121976,30494
T00212,C0196,20,2024-12-03 12:54:00.0000000,4,158536,39634
T00213,C0165,29,2024-02-15 07:07:00.0000000,3,130092,43364
T00214,C0056,24,2024-02-18 05:49:00.0000000,2,67732,33866
T00215,C0065,82,2024-03-18 06:01:00.0000000,3,16797,5599
T00216,C0193,63,2024-03-22 19:50:00.0000000,3,10077,3359
T00217,C0047,74,2024-02-28 06:05:00.0000000,1,29558,29558
T00218,C0148,57,2024-01-17 19:40:00.0000000,3,7191,2397
T00219,C0019,8,2024-08-22 23:44:00.0000000,1,14685,14685
T00220,C0157,90,2024-06-21 15:09:00.0000000,1,1653,1653
T00221,C0188,62,2024-02-28 14:14:00.0000000,4,149664,37416
T00222,C0146,29,2024-05-24 22:54:00.0000000,1,43364,43364
T00223,C0163,74,2024-04-29 10:25:00.0000000,1,29558,29558
T00224,C0171,17,2024-07-06 23:53:00.0000000,4,187908,46977
T00225,C0126,66,2024-06-20 04:11:00.0000000,3,101166,33722
T00226,C0139,6,2024-10-02 16:46:00.0000000,2,24264,12132
T00227,C0049,58,2024-04-25 18:50:00.0000000,2,31524,15762
T00228,C0113,69,2024-04-21 19:52:00.0000000,2,20162,10081
T00229,C0038,28,2024-06-29 11:39:00.0000000,3,70674,23558
T00230,C0064,62,2024-12-06 16:22:00.0000000,1,37416,37416
T00231,C0069,41,2024-08-27 19:54:00.0000000,2,91256,45628
T00232,C0136,69,2024-11-10 22:04:00.0000000,3,30243,10081
T00233,C0162,82,2024-02-16 11:29:00.0000000,1,5599,5599
T00234,C0176,90,2024-07-07 23:53:00.0000000,4,6612,1653
T00235,C0116,84,2024-01-31 11:17:00.0000000,2,67582,33791
T00236,C0184,41,2024-02-25 14:08:00.0000000,1,45628,45628
T00237,C0065,49,2024-02-27 22:16:00.0000000,2,2959,14795
T00238,C0031,91,2024-08-11 00:11:00.0000000,2,4459,22295
T00239,C0132,49,2024-12-06 19:03:00.0000000,2,2959,14795
T00240,C0113,76,2024-01-24 02:35:00.0000000,1,42929,42929
T00241,C0109,71,2024-07-08 16:06:00.0000000,3,38208,12736
T00242,C0178,3,2024-10-08 06:27:00.0000000,1,4412,4412
T00243,C0069,10,2024-08-31 00:38:00.0000000,2,70026,35013
T00244,C0158,98,2024-01-04 14:19:00.0000000,1,29993,29993
T00245,C0120,89,2024-04-28 20:01:00.0000000,4,88364,22091
T00246,C0088,35,2024-12-05 01:12:00.0000000,3,9177,3059
T00247,C0187,80,2024-10-12 08:20:00.0000000,1,3035,3035
T00248,C0067,2,2024-05-03 21:36:00.0000000,4,13852,3463
T00249,C0075,24,2024-12-10 21:53:00.0000000,3,101598,33866
T00250,C0045,74,2024-07-14 11:42:00.0000000,4,118232,29558
T00251,C0004,38,2024-08-03 06:21:00.0000000,3,44166,14722
T00252,C0154,22,2024-06-12 22:59:00.0000000,1,13754,13754
T00253,C0155,26,2024-11-11 03:36:00.0000000,4,25752,6438
T00254,C0174,43,2024-06-30 15:44:00.0000000,2,8088,4044
T00255,C0107,55,2024-02-27 16:51:00.0000000,4,51412,12853
T00256,C0192,39,2024-07-30 12:47:00.0000000,3,129177,43059
T00257,C0051,91,2024-08-10 00:39:00.0000000,1,22295,22295
T00258,C0050,29,2024-04-25 03:49:00.0000000,3,130092,43364
T00259,C0006,20,2024-01-25 09:29:00.0000000,4,158536,39634
T00260,C0059,91,2024-03-23 08:29:00.0000000,4,8918,22295
T00261,C0125,41,2024-02-20 06:00:00.0000000,2,91256,45628
T00262,C0143,54,2024-01-30 22:40:00.0000000,1,573,573
T00263,C0030,20,2024-01-28 04:10:00.0000000,1,39634,39634
T00264,C0170,19,2024-01-12 10:17:00.0000000,4,154148,38537
T00265,C0122,84,2024-03-19 00:50:00.0000000,1,33791,33791
T00266,C0125,99,2024-02-27 18:25:00.0000000,2,70858,35429
T00267,C0037,66,2024-06-30 00:11:00.0000000,3,101166,33722
T00268,C0170,30,2024-05-20 10:53:00.0000000,1,27786,27786
T00269,C0124,53,2024-02-06 16:22:00.0000000,4,109976,27494
T00270,C0101,34,2024-11-07 02:48:00.0000000,3,65115,21705
T00271,C0035,22,2024-04-29 19:45:00.0000000,3,41262,13754
T00272,C0087,67,2024-03-26 22:55:00.0000000,2,60136,30068
T00273,C0134,6,2024-04-14 11:32:00.0000000,4,48528,12132
T00274,C0196,79,2024-08-28 19:56:00.0000000,1,41737,41737
T00275,C0018,27,2024-02-17 18:50:00.0000000,4,91624,22906
T00276,C0113,10,2024-11-27 17:12:00.0000000,3,105039,35013
T00277,C0029,73,2024-10-01 17:22:00.0000000,4,10796,2699
T00278,C0077,97,2024-09-26 16:10:00.0000000,1,31934,31934
T00279,C0059,96,2024-09-09 19:42:00.0000000,1,30747,30747
T00280,C0175,48,2024-05-09 17:38:00.0000000,2,8328,4164
T00281,C0126,70,2024-09-24 16:29:00.0000000,1,4869,4869
T00282,C0145,59,2024-11-26 07:35:00.0000000,1,3032,3032
T00283,C0109,100,2024-07-16 14:50:00.0000000,4,50536,12634
T00284,C0022,59,2024-01-15 07:06:00.0000000,4,12128,3032
T00285,C0068,2,2024-04-02 02:23:00.0000000,3,10389,3463
T00286,C0069,29,2024-12-09 14:58:00.0000000,2,86728,43364
T00287,C0165,68,2024-12-26 06:46:00.0000000,4,178892,44723
T00288,C0049,65,2024-01-22 14:14:00.0000000,1,42761,42761
T00289,C0141,83,2024-12-03 21:22:00.0000000,3,136716,45572
T00290,C0162,26,2024-01-29 11:31:00.0000000,4,25752,6438
T00291,C0109,89,2024-01-27 06:14:00.0000000,2,44182,22091
T00292,C0086,10,2024-12-26 02:30:00.0000000,2,70026,35013
T00293,C0053,53,2024-07-11 15:32:00.0000000,3,82482,27494
T00294,C0123,79,2024-08-23 23:45:00.0000000,3,125211,41737
T00295,C0087,59,2024-07-22 09:54:00.0000000,3,9096,3032
T00296,C0179,22,2024-07-23 09:15:00.0000000,3,41262,13754
T00297,C0131,51,2024-01-18 01:32:00.0000000,3,19548,6516
T00298,C0042,48,2024-11-09 20:42:00.0000000,1,4164,4164
T00299,C0098,21,2024-08-27 22:57:00.0000000,1,33584,33584
T00300,C0160,22,2024-08-16 08:44:00.0000000,4,55016,13754
T00301,C0109,100,2024-07-13 08:15:00.0000000,2,25268,12634
T00302,C0051,98,2024-07-23 12:30:00.0000000,1,29993,29993
T00303,C0085,30,2024-10-11 20:08:00.0000000,1,27786,27786
T00304,C0174,25,2024-12-12 13:59:00.0000000,1,28462,28462
T00305,C0127,28,2024-01-18 15:08:00.0000000,4,94232,23558
T00306,C0021,65,2024-06-27 23:39:00.0000000,3,128283,42761
T00307,C0044,45,2024-05-30 18:15:00.0000000,4,192712,48178
T00308,C0139,68,2024-09-29 13:03:00.0000000,2,89446,44723
T00309,C0103,7,2024-08-28 05:03:00.0000000,2,8403,42015
T00310,C0068,49,2024-05-18 05:03:00.0000000,2,2959,14795
T00311,C0129,9,2024-09-30 00:40:00.0000000,2,65002,32501
T00312,C0092,36,2024-01-27 16:35:00.0000000,1,37255,37255
T00313,C0191,83,2024-04-23 06:38:00.0000000,1,45572,45572
T00314,C0024,1,2024-09-24 17:15:00.0000000,4,6772,1693
T00315,C0125,10,2024-04-03 21:46:00.0000000,3,105039,35013
T00316,C0141,36,2024-12-03 18:01:00.0000000,2,7451,37255
T00317,C0111,73,2024-06-19 15:07:00.0000000,4,10796,2699
T00318,C0098,46,2024-01-09 16:35:00.0000000,1,36607,36607
T00319,C0139,32,2024-01-17 09:48:00.0000000,1,48863,48863
T00320,C0179,32,2024-04-06 16:23:00.0000000,3,146589,48863
T00321,C0017,6,2024-06-20 04:13:00.0000000,3,36396,12132
T00322,C0099,48,2024-02-17 04:23:00.0000000,3,12492,4164
T00323,C0082,38,2024-09-22 07:51:00.0000000,4,58888,14722
T00324,C0104,17,2024-08-11 07:01:00.0000000,1,46977,46977
T00325,C0152,74,2024-06-22 20:59:00.0000000,1,29558,29558
T00326,C0019,27,2024-06-14 11:41:00.0000000,3,68718,22906
T00327,C0165,54,2024-11-27 10:42:00.0000000,2,1146,573
T00328,C0085,50,2024-09-04 11:39:00.0000000,3,131295,43765
T00329,C0008,35,2024-12-17 04:05:00.0000000,4,12236,3059
T00330,C0028,85,2024-05-15 10:49:00.0000000,3,124905,41635
T00331,C0005,25,2024-05-05 13:03:00.0000000,3,85386,28462
T00332,C0145,28,2024-02-04 07:44:00.0000000,4,94232,23558
T00333,C0101,15,2024-12-28 11:00:00.0000000,3,47679,15893
T00334,C0164,4,2024-02-22 14:01:00.0000000,1,9569,9569
T00335,C0118,93,2024-04-06 09:26:00.0000000,2,60988,30494
T00336,C0147,73,2024-11-16 15:45:00.0000000,3,8097,2699
T00337,C0064,27,2024-01-07 16:11:00.0000000,4,91624,22906
T00338,C0091,26,2024-05-28 17:40:00.0000000,2,12876,6438
T00339,C0117,19,2024-05-03 03:39:00.0000000,4,154148,38537
T00340,C0098,92,2024-07-02 05:35:00.0000000,2,7784,3892
T00341,C0011,17,2024-12-26 03:09:00.0000000,2,93954,46977
T00342,C0054,43,2024-01-24 16:03:00.0000000,3,12132,4044
T00343,C0173,41,2024-01-02 11:54:00.0000000,1,45628,45628
T00344,C0047,42,2024-01-17 10:01:00.0000000,3,113832,37944
T00345,C0140,50,2024-08-07 09:24:00.0000000,4,17506,43765
T00346,C0149,84,2024-04-09 16:45:00.0000000,4,135164,33791
T00347,C0139,40,2024-01-24 21:50:00.0000000,2,30638,15319
T00348,C0005,39,2024-03-15 04:08:00.0000000,2,86118,43059
T00349,C0184,23,2024-04-18 14:56:00.0000000,1,45453,45453
T00350,C0020,96,2024-01-30 00:57:00.0000000,3,92241,30747
T00351,C0169,52,2024-12-03 17:26:00.0000000,4,141924,35481
T00352,C0046,47,2024-09-09 04:31:00.0000000,2,31866,15933
T00353,C0012,63,2024-10-22 21:55:00.0000000,1,3359,3359
T00354,C0070,97,2024-05-15 00:22:00.0000000,4,127736,31934
T00355,C0017,69,2024-01-12 20:20:00.0000000,2,20162,10081
T00356,C0115,43,2024-12-22 17:19:00.0000000,4,16176,4044
T00357,C0147,48,2024-11-15 23:35:00.0000000,1,4164,4164
T00358,C0154,34,2024-04-08 20:47:00.0000000,1,21705,21705
T00359,C0048,40,2024-12-04 20:50:00.0000000,4,61276,15319
T00360,C0108,75,2024-05-29 17:04:00.0000000,3,149328,49776
T00361,C0052,61,2024-09-01 11:18:00.0000000,4,62784,15696
T00362,C0096,50,2024-01-31 07:07:00.0000000,2,8753,43765
T00363,C0070,67,2024-03-21 15:10:00.0000000,3,90204,30068
T00364,C0183,62,2024-06-16 08:22:00.0000000,2,74832,37416
T00365,C0102,58,2024-04-09 18:48:00.0000000,4,63048,15762
T00366,C0075,33,2024-08-09 17:24:00.0000000,3,19275,6425
T00367,C0161,75,2024-03-27 07:31:00.0000000,2,99552,49776
T00368,C0190,16,2024-05-16 09:05:00.0000000,4,13202,33005
T00369,C0151,82,2024-12-24 11:40:00.0000000,4,22396,5599
T00370,C0143,94,2024-07-17 08:52:00.0000000,3,134202,44734
T00371,C0155,48,2024-05-15 23:20:00.0000000,4,16656,4164
T00372,C0192,10,2024-07-22 10:55:00.0000000,1,35013,35013
T00373,C0179,82,2024-02-07 20:28:00.0000000,2,11198,5599
T00374,C0181,38,2024-12-27 17:31:00.0000000,2,29444,14722
T00375,C0082,19,2024-10-05 02:02:00.0000000,4,154148,38537
T00376,C0092,36,2024-10-21 04:58:00.0000000,4,14902,37255
T00377,C0179,59,2024-01-22 19:36:00.0000000,1,3032,3032
T00378,C0175,63,2024-08-03 22:08:00.0000000,3,10077,3359
T00379,C0004,77,2024-12-23 14:13:00.0000000,4,106204,26551
T00380,C0135,46,2024-01-04 16:40:00.0000000,4,146428,36607
T00381,C0109,3,2024-08-16 19:39:00.0000000,4,17648,4412
T00382,C0163,74,2024-03-01 16:19:00.0000000,4,118232,29558
T00383,C0048,65,2024-11-22 19:56:00.0000000,2,85522,42761
T00384,C0073,91,2024-02-04 15:35:00.0000000,4,8918,22295
T00385,C0072,8,2024-03-16 16:23:00.0000000,2,2937,14685
T00386,C0116,51,2024-09-03 03:40:00.0000000,4,26064,6516
T00387,C0173,81,2024-05-18 16:57:00.0000000,3,19896,6632
T00388,C0081,73,2024-04-11 01:44:00.0000000,1,2699,2699
T00389,C0081,6,2024-01-20 04:23:00.0000000,3,36396,12132
T00390,C0113,89,2024-02-04 07:33:00.0000000,4,88364,22091
T00391,C0096,39,2024-08-02 09:54:00.0000000,4,172236,43059
T00392,C0072,60,2024-11-02 20:33:00.0000000,4,6226,15565
T00393,C0147,28,2024-05-28 10:52:00.0000000,3,70674,23558
T00394,C0063,97,2024-03-25 13:47:00.0000000,4,127736,31934
T00395,C0038,54,2024-03-14 08:10:00.0000000,3,1719,573
T00396,C0067,37,2024-04-14 14:12:00.0000000,2,91972,45986
T00397,C0187,9,2024-07-04 05:29:00.0000000,1,32501,32501
T00398,C0069,82,2024-03-14 17:22:00.0000000,1,5599,5599
T00399,C0013,56,2024-03-28 19:16:00.0000000,3,4824,1608
T00400,C0175,59,2024-04-24 00:16:00.0000000,2,6064,3032
T00401,C0189,85,2024-11-11 16:53:00.0000000,3,124905,41635
T00402,C0031,2,2024-11-24 17:22:00.0000000,2,6926,3463
T00403,C0114,61,2024-02-21 15:52:00.0000000,4,62784,15696
T00404,C0022,58,2024-09-17 15:12:00.0000000,2,31524,15762
T00405,C0093,60,2024-08-02 21:41:00.0000000,2,3113,15565
T00406,C0171,40,2024-02-18 00:12:00.0000000,2,30638,15319
T00407,C0067,36,2024-10-17 02:10:00.0000000,1,37255,37255
T00408,C0054,37,2024-08-15 03:03:00.0000000,2,91972,45986
T00409,C0138,79,2024-12-18 04:06:00.0000000,4,166948,41737
T00410,C0042,92,2024-10-30 12:42:00.0000000,4,15568,3892
T00411,C0064,18,2024-02-06 15:02:00.0000000,4,174756,43689
T00412,C0126,98,2024-11-08 14:50:00.0000000,2,59986,29993
T00413,C0021,63,2024-01-24 18:23:00.0000000,3,10077,3359
T00414,C0194,22,2024-03-31 03:46:00.0000000,3,41262,13754
T00415,C0169,11,2024-03-13 06:04:00.0000000,4,10448,2612
T00416,C0152,58,2024-01-13 10:46:00.0000000,1,15762,15762
T00417,C0035,57,2024-04-20 22:54:00.0000000,3,7191,2397
T00418,C0184,77,2024-01-03 02:43:00.0000000,2,53102,26551
T00419,C0030,4,2024-07-12 13:34:00.0000000,3,28707,9569
T00420,C0057,86,2024-07-31 21:34:00.0000000,4,17628,4407
T00421,C0047,7,2024-01-04 07:47:00.0000000,1,42015,42015
T00422,C0163,61,2024-05-11 07:45:00.0000000,3,47088,15696
T00423,C0019,54,2024-11-08 10:22:00.0000000,3,1719,573
T00424,C0114,88,2024-09-23 04:35:00.0000000,4,10542,26355
T00425,C0008,68,2024-08-01 14:20:00.0000000,1,44723,44723
T00426,C0026,92,2024-03-20 10:30:00.0000000,1,3892,3892
T00427,C0113,79,2024-02-05 19:46:00.0000000,4,166948,41737
T00428,C0071,1,2024-08-02 08:13:00.0000000,2,3386,1693
T00429,C0030,55,2024-12-15 01:23:00.0000000,3,38559,12853
T00430,C0135,3,2024-05-16 03:37:00.0000000,2,8824,4412
T00431,C0067,78,2024-08-15 00:55:00.0000000,3,12354,4118
T00432,C0065,38,2024-12-13 21:18:00.0000000,3,44166,14722
T00433,C0036,1,2024-05-05 05:01:00.0000000,2,3386,1693
T00434,C0025,38,2024-05-09 03:14:00.0000000,4,58888,14722
T00435,C0037,85,2024-05-16 16:00:00.0000000,4,16654,41635
T00436,C0001,29,2024-11-02 17:04:00.0000000,3,130092,43364
T00437,C0143,5,2024-09-11 20:41:00.0000000,4,171724,42931
T00438,C0037,74,2024-07-15 16:33:00.0000000,3,88674,29558
T00439,C0141,92,2024-07-01 14:11:00.0000000,4,15568,3892
T00440,C0136,21,2024-07-24 00:20:00.0000000,3,100752,33584
T00441,C0133,71,2024-02-03 08:15:00.0000000,4,50944,12736
T00442,C0188,67,2024-12-26 14:40:00.0000000,1,30068,30068
T00443,C0128,47,2024-05-26 08:08:00.0000000,2,31866,15933
T00444,C0127,84,2024-02-08 03:30:00.0000000,1,33791,33791
T00445,C0001,83,2024-05-07 03:11:00.0000000,2,91144,45572
T00446,C0164,35,2024-02-25 03:48:00.0000000,2,6118,3059
T00447,C0035,68,2024-09-30 17:00:00.0000000,3,134169,44723
T00448,C0194,69,2024-10-22 08:13:00.0000000,2,20162,10081
T00449,C0191,1,2024-12-12 12:17:00.0000000,1,1693,1693
T00450,C0104,68,2024-08-23 02:14:00.0000000,1,44723,44723
T00451,C0023,12,2024-10-04 20:44:00.0000000,4,6384,1596
T00452,C0009,60,2024-03-16 17:26:00.0000000,1,15565,15565
T00453,C0034,27,2024-07-10 19:53:00.0000000,4,91624,22906
T00454,C0174,56,2024-11-10 08:32:00.0000000,2,3216,1608
T00455,C0128,23,2024-01-08 16:14:00.0000000,1,45453,45453
T00456,C0004,25,2024-12-12 03:38:00.0000000,2,56924,28462
T00457,C0158,21,2024-07-18 20:01:00.0000000,1,33584,33584
T00458,C0102,61,2024-06-25 22:40:00.0000000,1,15696,15696
T00459,C0075,63,2024-01-17 01:36:00.0000000,4,13436,3359
T00460,C0099,52,2024-05-02 00:25:00.0000000,2,70962,35481
T00461,C0072,88,2024-09-17 03:59:00.0000000,1,26355,26355
T00462,C0003,25,2024-06-03 19:17:00.0000000,3,85386,28462
T00463,C0142,55,2024-05-25 22:37:00.0000000,2,25706,12853
T00464,C0188,46,2024-05-16 11:23:00.0000000,2,73214,36607
T00465,C0173,32,2024-05-24 16:11:00.0000000,2,97726,48863
T00466,C0034,55,2024-10-23 16:57:00.0000000,4,51412,12853
T00467,C0045,96,2024-03-16 04:08:00.0000000,3,92241,30747
T00468,C0061,5,2024-02-23 05:08:00.0000000,2,85862,42931
T00469,C0083,36,2024-04-14 12:03:00.0000000,1,37255,37255
T00470,C0123,49,2024-11-13 17:36:00.0000000,1,14795,14795
T00471,C0102,58,2024-01-12 17:34:00.0000000,4,63048,15762
T00472,C0016,39,2024-07-02 06:30:00.0000000,1,43059,43059
T00473,C0066,80,2024-03-13 04:00:00.0000000,2,6070,3035
T00474,C0168,97,2024-04-01 14:59:00.0000000,1,31934,31934
T00475,C0145,85,2024-09-28 22:39:00.0000000,2,8327,41635
T00476,C0119,61,2024-02-07 04:03:00.0000000,1,15696,15696
T00477,C0162,9,2024-10-14 15:50:00.0000000,3,97503,32501
T00478,C0124,6,2024-04-12 12:07:00.0000000,4,48528,12132
T00479,C0144,35,2024-04-27 20:02:00.0000000,4,12236,3059
T00480,C0102,39,2024-08-02 03:34:00.0000000,3,129177,43059
T00481,C0188,22,2024-08-30 20:51:00.0000000,3,41262,13754
T00482,C0066,41,2024-06-04 02:02:00.0000000,4,182512,45628
T00483,C0194,5,2024-05-08 22:54:00.0000000,3,128793,42931
T00484,C0013,42,2024-02-24 20:08:00.0000000,2,75888,37944
T00485,C0184,87,2024-05-13 14:33:00.0000000,1,29017,29017
T00486,C0111,81,2024-07-03 07:27:00.0000000,4,26528,6632
T00487,C0159,76,2024-07-21 04:34:00.0000000,3,128787,42929
T00488,C0034,87,2024-10-21 12:47:00.0000000,2,58034,29017
T00489,C0039,80,2024-02-13 16:15:00.0000000,4,12140,3035
T00490,C0195,67,2024-11-24 11:49:00.0000000,3,90204,30068
T00491,C0136,30,2024-06-07 08:52:00.0000000,4,111144,27786
T00492,C0120,57,2024-08-08 05:40:00.0000000,3,7191,2397
T00493,C0126,86,2024-11-28 19:01:00.0000000,4,17628,4407
T00494,C0055,73,2024-10-01 04:39:00.0000000,2,5398,2699
T00495,C0027,29,2024-04-07 16:46:00.0000000,2,86728,43364
T00496,C0118,37,2024-10-24 08:30:00.0000000,1,45986,45986
T00497,C0053,87,2024-06-21 02:02:00.0000000,4,116068,29017
T00498,C0039,13,2024-10-27 05:26:00.0000000,1,1142,1142
T00499,C0065,32,2024-07-18 02:51:00.0000000,4,195452,48863
T00500,C0145,46,2024-06-17 14:12:00.0000000,3,109821,36607
T00501,C0158,23,2024-09-04 16:19:00.0000000,3,136359,45453
T00502,C0181,45,2024-04-12 14:44:00.0000000,1,48178,48178
T00503,C0013,17,2024-07-26 00:21:00.0000000,4,187908,46977
T00504,C0021,85,2024-04-05 03:20:00.0000000,1,41635,41635
T00505,C0147,66,2024-07-29 19:28:00.0000000,2,67444,33722
T00506,C0053,6,2024-09-18 23:31:00.0000000,1,12132,12132
T00507,C0019,18,2024-05-28 00:57:00.0000000,1,43689,43689
T00508,C0057,94,2024-12-18 11:46:00.0000000,3,134202,44734
T00509,C0025,22,2024-08-13 22:51:00.0000000,1,13754,13754
T00510,C0031,33,2024-03-06 01:55:00.0000000,4,25700,6425
T00511,C0081,30,2024-05-26 05:56:00.0000000,3,83358,27786
T00512,C0183,81,2024-01-08 13:41:00.0000000,1,6632,6632
T00513,C0023,32,2024-11-11 10:44:00.0000000,2,97726,48863
T00514,C0032,42,2024-11-27 20:42:00.0000000,1,37944,37944
T00515,C0190,78,2024-12-14 00:46:00.0000000,1,4118,4118
T00516,C0074,10,2024-07-29 06:11:00.0000000,1,35013,35013
T00517,C0010,36,2024-11-16 18:14:00.0000000,3,111765,37255
T00518,C0200,34,2024-12-11 03:05:00.0000000,4,8682,21705
T00519,C0054,73,2024-06-02 10:00:00.0000000,2,5398,2699
T00520,C0052,28,2024-04-20 08:12:00.0000000,1,23558,23558
T00521,C0148,11,2024-06-11 02:31:00.0000000,4,10448,2612
T00522,C0160,78,2024-03-03 09:40:00.0000000,4,16472,4118
T00523,C0114,39,2024-03-15 12:05:00.0000000,3,129177,43059
T00524,C0014,47,2024-01-17 18:31:00.0000000,2,31866,15933
T00525,C0178,19,2024-10-21 20:29:00.0000000,3,115611,38537
T00526,C0156,15,2024-01-01 16:46:00.0000000,4,63572,15893
T00527,C0110,28,2024-01-02 19:11:00.0000000,4,94232,23558
T00528,C0053,24,2024-08-28 04:01:00.0000000,4,135464,33866
T00529,C0152,72,2024-10-21 06:20:00.0000000,3,119802,39934
T00530,C0079,9,2024-05-02 00:31:00.0000000,2,65002,32501
T00531,C0022,47,2024-07-10 07:04:00.0000000,1,15933,15933
T00532,C0030,33,2024-04-11 09:53:00.0000000,3,19275,6425
T00533,C0191,62,2024-07-12 10:33:00.0000000,4,149664,37416
T00534,C0004,97,2024-06-25 22:10:00.0000000,3,95802,31934
T00535,C0059,19,2024-03-12 21:51:00.0000000,4,154148,38537
T00536,C0008,67,2024-09-22 06:13:00.0000000,1,30068,30068
T00537,C0012,74,2024-12-25 08:03:00.0000000,1,29558,29558
T00538,C0119,40,2024-04-26 17:37:00.0000000,2,30638,15319
T00539,C0159,47,2024-12-13 17:21:00.0000000,4,63732,15933
T00540,C0034,65,2024-05-08 21:17:00.0000000,2,85522,42761
T00541,C0082,29,2024-07-25 15:20:00.0000000,2,86728,43364
T00542,C0098,50,2024-04-17 00:48:00.0000000,1,43765,43765
T00543,C0127,98,2024-09-20 08:12:00.0000000,3,89979,29993
T00544,C0075,13,2024-06-13 07:28:00.0000000,3,3426,1142
T00545,C0105,1,2024-06-24 10:10:00.0000000,2,3386,1693
T00546,C0049,34,2024-08-30 06:42:00.0000000,1,21705,21705
T00547,C0079,93,2024-07-30 23:32:00.0000000,4,121976,30494
T00548,C0185,48,2024-01-06 22:00:00.0000000,3,12492,4164
T00549,C0093,77,2024-09-16 02:11:00.0000000,2,53102,26551
T00550,C0154,48,2024-04-24 05:30:00.0000000,3,12492,4164
T00551,C0018,49,2024-02-23 13:28:00.0000000,3,44385,14795
T00552,C0096,64,2024-12-11 17:46:00.0000000,4,180968,45242
T00553,C0038,61,2024-12-12 18:55:00.0000000,1,15696,15696
T00554,C0087,29,2024-04-13 20:04:00.0000000,4,173456,43364
T00555,C0088,39,2024-12-15 04:43:00.0000000,1,43059,43059
T00556,C0050,88,2024-11-17 17:56:00.0000000,3,79065,26355
T00557,C0008,26,2024-03-11 03:22:00.0000000,2,12876,6438
T00558,C0169,17,2024-11-29 23:39:00.0000000,4,187908,46977
T00559,C0134,71,2024-04-28 14:16:00.0000000,1,12736,12736
T00560,C0069,13,2024-05-09 09:15:00.0000000,3,3426,1142
T00561,C0172,69,2024-05-14 14:21:00.0000000,1,10081,10081
T00562,C0121,26,2024-07-06 11:32:00.0000000,1,6438,6438
T00563,C0064,49,2024-01-16 18:52:00.0000000,1,14795,14795
T00564,C0157,67,2024-12-07 17:57:00.0000000,3,90204,30068
T00565,C0156,7,2024-12-15 00:35:00.0000000,2,8403,42015
T00566,C0139,58,2024-07-30 11:43:00.0000000,2,31524,15762
T00567,C0121,49,2024-09-27 23:40:00.0000000,2,2959,14795
T00568,C0065,53,2024-09-18 05:00:00.0000000,1,27494,27494
T00569,C0107,65,2024-10-22 12:54:00.0000000,3,128283,42761
T00570,C0147,62,2024-12-25 00:52:00.0000000,1,37416,37416
T00571,C0137,17,2024-02-01 15:50:00.0000000,2,93954,46977
T00572,C0155,43,2024-09-21 21:57:00.0000000,2,8088,4044
T00573,C0162,25,2024-11-17 04:21:00.0000000,3,85386,28462
T00574,C0172,3,2024-07-23 20:01:00.0000000,1,4412,4412
T00575,C0196,79,2024-12-15 03:43:00.0000000,4,166948,41737
T00576,C0100,29,2024-09-04 20:49:00.0000000,4,173456,43364
T00577,C0082,32,2024-10-19 00:46:00.0000000,2,97726,48863
T00578,C0143,26,2024-03-30 23:37:00.0000000,3,19314,6438
T00579,C0051,16,2024-12-16 17:36:00.0000000,1,33005,33005
T00580,C0141,25,2024-04-09 07:28:00.0000000,1,28462,28462
T00581,C0083,54,2024-11-13 04:56:00.0000000,2,1146,573
T00582,C0177,28,2024-08-05 22:39:00.0000000,2,47116,23558
T00583,C0198,73,2024-10-04 18:31:00.0000000,1,2699,2699
T00584,C0112,56,2024-06-02 17:24:00.0000000,1,1608,1608
T00585,C0056,65,2024-01-31 08:26:00.0000000,2,85522,42761
T00586,C0179,93,2024-08-31 22:33:00.0000000,1,30494,30494
T00587,C0165,86,2024-08-09 08:58:00.0000000,4,17628,4407
T00588,C0145,80,2024-04-16 21:50:00.0000000,2,6070,3035
T00589,C0186,41,2024-10-23 16:42:00.0000000,1,45628,45628
T00590,C0157,51,2024-05-04 20:38:00.0000000,2,13032,6516
T00591,C0161,71,2024-07-05 10:29:00.0000000,3,38208,12736
T00592,C0060,78,2024-09-03 07:19:00.0000000,2,8236,4118
T00593,C0120,29,2024-04-01 07:30:00.0000000,2,86728,43364
T00594,C0183,83,2024-10-29 22:39:00.0000000,3,136716,45572
T00595,C0138,19,2024-07-11 20:27:00.0000000,4,154148,38537
T00596,C0175,66,2024-09-30 11:36:00.0000000,1,33722,33722
T00597,C0023,41,2024-07-01 04:53:00.0000000,3,136884,45628
T00598,C0149,45,2024-05-24 09:32:00.0000000,2,96356,48178
T00599,C0013,15,2024-08-15 20:46:00.0000000,1,15893,15893
T00600,C0101,3,2024-01-02 11:26:00.0000000,3,13236,4412
T00601,C0161,11,2024-08-15 03:06:00.0000000,1,2612,2612
T00602,C0024,53,2024-04-26 11:26:00.0000000,1,27494,27494
T00603,C0108,46,2024-05-15 16:06:00.0000000,3,109821,36607
T00604,C0011,30,2024-08-10 15:04:00.0000000,1,27786,27786
T00605,C0017,57,2023-12-31 03:27:00.0000000,4,9588,2397
T00606,C0196,18,2024-08-06 14:37:00.0000000,3,131067,43689
T00607,C0175,51,2024-10-04 01:18:00.0000000,4,26064,6516
T00608,C0025,48,2024-06-13 22:53:00.0000000,2,8328,4164
T00609,C0094,66,2024-03-19 01:04:00.0000000,1,33722,33722
T00610,C0021,96,2024-10-12 03:25:00.0000000,2,61494,30747
T00611,C0084,8,2024-12-16 14:32:00.0000000,2,2937,14685
T00612,C0140,22,2024-10-15 18:21:00.0000000,1,13754,13754
T00613,C0037,6,2024-09-30 18:17:00.0000000,3,36396,12132
T00614,C0042,76,2024-04-28 14:38:00.0000000,1,42929,42929
T00615,C0145,57,2024-07-14 07:45:00.0000000,2,4794,2397
T00616,C0101,36,2024-12-07 12:23:00.0000000,2,7451,37255
T00617,C0048,79,2024-01-14 03:22:00.0000000,3,125211,41737
T00618,C0103,92,2024-03-04 04:39:00.0000000,1,3892,3892
T00619,C0028,57,2024-12-25 09:53:00.0000000,2,4794,2397
T00620,C0041,49,2024-01-05 18:43:00.0000000,4,5918,14795
T00621,C0099,45,2024-04-19 05:04:00.0000000,2,96356,48178
T00622,C0047,82,2024-02-22 21:46:00.0000000,2,11198,5599
T00623,C0146,66,2024-07-12 10:03:00.0000000,3,101166,33722
T00624,C0105,77,2024-08-03 23:04:00.0000000,4,106204,26551
T00625,C0124,45,2024-07-02 09:34:00.0000000,2,96356,48178
T00626,C0199,79,2024-08-17 12:06:00.0000000,2,83474,41737
T00627,C0013,20,2024-05-06 23:15:00.0000000,4,158536,39634
T00628,C0141,64,2024-08-19 00:45:00.0000000,1,45242,45242
T00629,C0100,93,2024-04-06 10:30:00.0000000,1,30494,30494
T00630,C0031,93,2024-10-08 23:58:00.0000000,2,60988,30494
T00631,C0130,67,2024-05-14 23:14:00.0000000,2,60136,30068
T00632,C0016,83,2024-07-11 12:42:00.0000000,1,45572,45572
T00633,C0137,3,2024-03-20 23:29:00.0000000,3,13236,4412
T00634,C0073,54,2024-03-20 02:37:00.0000000,4,2292,573
T00635,C0166,78,2024-07-25 02:34:00.0000000,4,16472,4118
T00636,C0054,64,2024-01-28 04:32:00.0000000,3,135726,45242
T00637,C0184,40,2024-09-08 08:52:00.0000000,3,45957,15319
T00638,C0100,59,2024-04-27 05:29:00.0000000,3,9096,3032
T00639,C0109,55,2024-03-12 03:33:00.0000000,3,38559,12853
T00640,C0087,62,2024-09-13 23:20:00.0000000,3,112248,37416
T00641,C0173,4,2024-01-02 15:02:00.0000000,3,28707,9569
T00642,C0162,60,2024-08-06 20:12:00.0000000,4,6226,15565
T00643,C0137,75,2024-05-21 09:00:00.0000000,3,149328,49776
T00644,C0008,95,2024-06-13 09:13:00.0000000,1,22726,22726
T00645,C0007,96,2024-08-25 08:05:00.0000000,3,92241,30747
T00646,C0036,91,2024-01-23 12:53:00.0000000,3,66885,22295
T00647,C0018,30,2024-08-03 19:15:00.0000000,4,111144,27786
T00648,C0003,2,2024-08-24 18:54:00.0000000,4,13852,3463
T00649,C0028,62,2024-01-23 07:39:00.0000000,3,112248,37416
T00650,C0070,49,2024-10-07 14:56:00.0000000,4,5918,14795
T00651,C0172,9,2024-06-12 22:33:00.0000000,2,65002,32501
T00652,C0149,92,2024-04-27 01:00:00.0000000,4,15568,3892
T00653,C0028,31,2024-07-12 13:17:00.0000000,4,7856,1964
T00654,C0054,98,2024-07-07 12:28:00.0000000,4,119972,29993
T00655,C0182,61,2024-04-28 02:14:00.0000000,4,62784,15696
T00656,C0065,79,2024-09-13 08:28:00.0000000,1,41737,41737
T00657,C0100,48,2024-08-04 15:35:00.0000000,1,4164,4164
T00658,C0021,25,2024-01-16 11:22:00.0000000,1,28462,28462
T00659,C0013,36,2024-11-03 05:30:00.0000000,3,111765,37255
T00660,C0057,8,2024-09-23 16:46:00.0000000,3,44055,14685
T00661,C0049,73,2024-05-25 20:16:00.0000000,2,5398,2699
T00662,C0118,58,2024-11-08 12:43:00.0000000,1,15762,15762
T00663,C0054,45,2024-04-23 11:07:00.0000000,3,144534,48178
T00664,C0138,62,2024-10-02 22:44:00.0000000,4,149664,37416
T00665,C0053,39,2024-11-01 12:16:00.0000000,4,172236,43059
T00666,C0044,96,2024-06-27 12:03:00.0000000,1,30747,30747
T00667,C0047,58,2024-04-26 14:16:00.0000000,2,31524,15762
T00668,C0053,81,2024-01-21 08:08:00.0000000,2,13264,6632
T00669,C0074,99,2024-01-03 16:57:00.0000000,4,141716,35429
T00670,C0046,83,2024-08-03 21:42:00.0000000,2,91144,45572
T00671,C0013,64,2024-08-23 09:19:00.0000000,1,45242,45242
T00672,C0165,44,2024-07-28 00:09:00.0000000,4,7528,1882
T00673,C0102,29,2024-09-01 21:40:00.0000000,3,130092,43364
T00674,C0024,59,2024-04-14 01:19:00.0000000,3,9096,3032
T00675,C0002,71,2024-12-03 01:41:00.0000000,2,25472,12736
T00676,C0081,92,2024-09-04 02:55:00.0000000,4,15568,3892
T00677,C0100,9,2024-03-05 23:39:00.0000000,4,130004,32501
T00678,C0142,92,2024-12-24 20:00:00.0000000,3,11676,3892
T00679,C0138,6,2024-09-06 20:35:00.0000000,4,48528,12132
T00680,C0163,29,2024-07-18 00:10:00.0000000,4,173456,43364
T00681,C0153,58,2024-09-05 07:22:00.0000000,4,63048,15762
T00682,C0131,17,2024-04-01 10:10:00.0000000,2,93954,46977
T00683,C0111,16,2024-01-27 21:34:00.0000000,4,13202,33005
T00684,C0102,87,2024-07-17 07:26:00.0000000,1,29017,29017
T00685,C0017,95,2024-05-11 17:59:00.0000000,2,45452,22726
T00686,C0012,3,2024-05-12 12:53:00.0000000,4,17648,4412
T00687,C0182,21,2024-03-31 22:56:00.0000000,4,134336,33584
T00688,C0116,64,2024-05-22 04:00:00.0000000,1,45242,45242
T00689,C0024,90,2024-05-30 00:00:00.0000000,2,3306,1653
T00690,C0029,36,2024-12-26 01:49:00.0000000,3,111765,37255
T00691,C0171,86,2024-01-13 11:31:00.0000000,3,13221,4407
T00692,C0153,62,2024-06-30 22:09:00.0000000,2,74832,37416
T00693,C0122,42,2024-12-17 19:17:00.0000000,4,151776,37944
T00694,C0188,76,2024-06-30 08:52:00.0000000,4,171716,42929
T00695,C0090,42,2024-09-11 19:59:00.0000000,3,113832,37944
T00696,C0065,61,2024-03-05 18:21:00.0000000,3,47088,15696
T00697,C0084,13,2024-10-16 06:10:00.0000000,3,3426,1142
T00698,C0119,11,2024-12-26 21:34:00.0000000,1,2612,2612
T00699,C0156,54,2024-04-21 22:39:00.0000000,3,1719,573
T00700,C0016,16,2024-08-15 10:18:00.0000000,1,33005,33005
T00701,C0175,8,2024-07-27 05:05:00.0000000,2,2937,14685
T00702,C0104,59,2024-05-20 13:15:00.0000000,4,12128,3032
T00703,C0092,57,2024-02-04 00:31:00.0000000,3,7191,2397
T00704,C0186,40,2024-06-21 07:59:00.0000000,4,61276,15319
T00705,C0027,59,2024-06-08 07:23:00.0000000,4,12128,3032
T00706,C0181,2,2024-07-01 00:11:00.0000000,3,10389,3463
T00707,C0170,94,2024-05-27 15:48:00.0000000,3,134202,44734
T00708,C0187,94,2024-02-12 17:27:00.0000000,2,89468,44734
T00709,C0175,76,2024-09-30 05:29:00.0000000,1,42929,42929
T00710,C0162,10,2024-01-13 09:31:00.0000000,1,35013,35013
T00711,C0165,44,2024-06-11 15:51:00.0000000,4,7528,1882
T00712,C0134,11,2024-09-23 06:44:00.0000000,3,7836,2612
T00713,C0135,79,2024-01-22 02:25:00.0000000,2,83474,41737
T00714,C0153,80,2024-09-11 11:58:00.0000000,2,6070,3035
T00715,C0033,81,2024-07-05 23:41:00.0000000,2,13264,6632
T00716,C0055,90,2024-04-02 02:03:00.0000000,2,3306,1653
T00717,C0186,2,2024-09-21 05:32:00.0000000,2,6926,3463
T00718,C0007,50,2024-02-20 09:22:00.0000000,1,43765,43765
T00719,C0057,12,2024-04-07 14:32:00.0000000,1,1596,1596
T00720,C0126,90,2024-01-08 11:31:00.0000000,1,1653,1653
T00721,C0012,23,2024-12-08 09:46:00.0000000,3,136359,45453
T00722,C0016,18,2024-07-31 05:19:00.0000000,4,174756,43689
T00723,C0043,62,2024-06-12 01:39:00.0000000,2,74832,37416
T00724,C0117,96,2024-07-22 23:34:00.0000000,3,92241,30747
T00725,C0135,62,2024-10-03 20:53:00.0000000,2,74832,37416
T00726,C0111,38,2024-12-12 18:56:00.0000000,1,14722,14722
T00727,C0051,67,2024-01-20 04:52:00.0000000,3,90204,30068
T00728,C0160,38,2024-02-08 22:57:00.0000000,1,14722,14722
T00729,C0075,67,2024-10-07 06:38:00.0000000,2,60136,30068
T00730,C0008,94,2024-01-22 19:40:00.0000000,2,89468,44734
T00731,C0200,61,2024-07-15 20:36:00.0000000,4,62784,15696
T00732,C0045,1,2024-08-13 10:42:00.0000000,2,3386,1693
T00733,C0059,94,2024-02-06 22:06:00.0000000,1,44734,44734
T00734,C0132,45,2024-09-29 16:20:00.0000000,2,96356,48178
T00735,C0104,96,2024-11-04 07:25:00.0000000,4,122988,30747
T00736,C0195,28,2024-03-05 10:46:00.0000000,4,94232,23558
T00737,C0157,21,2024-05-19 06:37:00.0000000,1,33584,33584
T00738,C0157,13,2024-03-19 16:14:00.0000000,3,3426,1142
T00739,C0098,27,2024-04-26 07:31:00.0000000,2,45812,22906
T00740,C0156,100,2024-08-24 19:10:00.0000000,4,50536,12634
T00741,C0079,7,2024-02-22 15:13:00.0000000,2,8403,42015
T00742,C0124,22,2024-03-23 05:53:00.0000000,2,27508,13754
T00743,C0172,74,2024-01-21 13:21:00.0000000,3,88674,29558
T00744,C0004,53,2024-03-11 09:25:00.0000000,4,109976,27494
T00745,C0090,79,2024-06-22 14:35:00.0000000,2,83474,41737
T00746,C0104,79,2024-07-19 14:35:00.0000000,4,166948,41737
T00747,C0137,4,2024-12-23 23:09:00.0000000,1,9569,9569
T00748,C0119,96,2024-10-13 16:15:00.0000000,1,30747,30747
T00749,C0133,23,2024-06-20 19:04:00.0000000,2,90906,45453
T00750,C0056,70,2024-12-25 21:16:00.0000000,4,19476,4869
T00751,C0096,88,2024-03-11 17:07:00.0000000,2,5271,26355
T00752,C0178,84,2024-04-25 22:21:00.0000000,4,135164,33791
T00753,C0075,84,2024-12-06 01:59:00.0000000,4,135164,33791
T00754,C0143,76,2024-01-30 13:30:00.0000000,3,128787,42929
T00755,C0032,33,2024-07-12 08:20:00.0000000,3,19275,6425
T00756,C0028,28,2024-02-15 04:29:00.0000000,3,70674,23558
T00757,C0022,8,2024-09-03 03:11:00.0000000,2,2937,14685
T00758,C0017,1,2024-05-28 14:47:00.0000000,3,5079,1693
T00759,C0059,37,2024-06-04 02:15:00.0000000,3,137958,45986
T00760,C0090,63,2024-01-03 18:25:00.0000000,1,3359,3359
T00761,C0199,22,2024-10-01 05:57:00.0000000,4,55016,13754
T00762,C0106,70,2024-11-01 09:20:00.0000000,4,19476,4869
T00763,C0185,21,2024-04-14 23:09:00.0000000,3,100752,33584
T00764,C0026,96,2024-10-09 13:52:00.0000000,4,122988,30747
T00765,C0025,35,2024-01-31 19:48:00.0000000,1,3059,3059
T00766,C0138,79,2024-02-02 02:54:00.0000000,1,41737,41737
T00767,C0045,5,2024-02-29 03:49:00.0000000,3,128793,42931
T00768,C0083,60,2024-12-17 13:01:00.0000000,1,15565,15565
T00769,C0011,46,2024-02-06 14:46:00.0000000,4,146428,36607
T00770,C0181,50,2024-09-16 21:24:00.0000000,2,8753,43765
T00771,C0200,48,2024-09-10 09:50:00.0000000,4,16656,4164
T00772,C0104,6,2024-06-16 21:51:00.0000000,2,24264,12132
T00773,C0068,89,2024-12-08 14:38:00.0000000,3,66273,22091
T00774,C0095,56,2024-01-07 14:19:00.0000000,2,3216,1608
T00775,C0156,59,2024-10-05 06:56:00.0000000,1,3032,3032
T00776,C0065,29,2024-04-22 01:00:00.0000000,4,173456,43364
T00777,C0049,71,2024-01-14 04:59:00.0000000,2,25472,12736
T00778,C0175,77,2024-07-18 11:21:00.0000000,4,106204,26551
T00779,C0052,18,2024-08-29 18:52:00.0000000,3,131067,43689
T00780,C0102,2,2024-02-14 14:25:00.0000000,3,10389,3463
T00781,C0182,8,2024-05-06 19:24:00.0000000,1,14685,14685
T00782,C0188,75,2024-08-27 05:49:00.0000000,3,149328,49776
T00783,C0057,97,2024-01-18 16:04:00.0000000,2,63868,31934
T00784,C0047,54,2024-08-23 09:06:00.0000000,3,1719,573
T00785,C0159,38,2024-03-26 00:51:00.0000000,1,14722,14722
T00786,C0174,48,2024-08-07 22:11:00.0000000,4,16656,4164
T00787,C0026,27,2024-06-04 00:03:00.0000000,4,91624,22906
T00788,C0114,20,2024-06-13 12:58:00.0000000,3,118902,39634
T00789,C0005,12,2024-11-04 00:30:00.0000000,2,3192,1596
T00790,C0084,43,2024-08-13 23:52:00.0000000,1,4044,4044
T00791,C0052,61,2024-01-09 13:32:00.0000000,2,31392,15696
T00792,C0105,31,2024-01-11 06:02:00.0000000,1,1964,1964
T00793,C0054,91,2024-10-07 17:48:00.0000000,3,66885,22295
T00794,C0161,96,2024-05-20 06:17:00.0000000,1,30747,30747
T00795,C0178,61,2024-12-21 00:45:00.0000000,1,15696,15696
T00796,C0166,74,2024-08-12 05:20:00.0000000,3,88674,29558
T00797,C0155,67,2024-10-04 20:42:00.0000000,2,60136,30068
T00798,C0015,91,2024-09-21 01:39:00.0000000,3,66885,22295
T00799,C0061,35,2024-12-10 16:00:00.0000000,1,3059,3059
T00800,C0122,95,2024-08-25 16:04:00.0000000,3,68178,22726
T00801,C0021,15,2024-02-06 03:27:00.0000000,1,15893,15893
T00802,C0046,16,2024-09-25 01:45:00.0000000,3,99015,33005
T00803,C0197,13,2024-01-13 04:52:00.0000000,4,4568,1142
T00804,C0134,35,2024-12-10 06:40:00.0000000,4,12236,3059
T00805,C0038,75,2024-02-05 18:18:00.0000000,3,149328,49776
T00806,C0062,59,2024-01-04 21:05:00.0000000,2,6064,3032
T00807,C0086,21,2024-10-23 17:24:00.0000000,1,33584,33584
T00808,C0190,54,2024-07-06 00:13:00.0000000,4,2292,573
T00809,C0078,75,2024-12-09 11:44:00.0000000,2,99552,49776
T00810,C0046,30,2024-01-06 13:22:00.0000000,1,27786,27786
T00811,C0141,48,2024-06-03 23:59:00.0000000,4,16656,4164
T00812,C0003,35,2024-02-18 02:50:00.0000000,4,12236,3059
T00813,C0006,86,2024-10-07 04:07:00.0000000,3,13221,4407
T00814,C0093,38,2024-09-08 16:26:00.0000000,1,14722,14722
T00815,C0008,31,2024-03-26 20:30:00.0000000,2,3928,1964
T00816,C0172,78,2024-09-25 06:56:00.0000000,2,8236,4118
T00817,C0108,24,2024-10-02 22:07:00.0000000,2,67732,33866
T00818,C0161,49,2024-01-01 03:54:00.0000000,1,14795,14795
T00819,C0075,96,2024-10-08 21:31:00.0000000,2,61494,30747
T00820,C0077,100,2024-03-11 10:55:00.0000000,2,25268,12634
T00821,C0050,32,2024-04-04 14:19:00.0000000,2,97726,48863
T00822,C0011,55,2024-05-08 18:21:00.0000000,3,38559,12853
T00823,C0095,79,2024-09-30 10:45:00.0000000,3,125211,41737
T00824,C0156,58,2024-05-20 12:30:00.0000000,1,15762,15762
T00825,C0070,99,2024-02-08 14:20:00.0000000,1,35429,35429
T00826,C0169,3,2024-07-20 11:22:00.0000000,2,8824,4412
T00827,C0016,80,2024-11-10 18:24:00.0000000,3,9105,3035
T00828,C0068,69,2024-06-04 21:07:00.0000000,4,40324,10081
T00829,C0099,85,2024-12-23 18:22:00.0000000,4,16654,41635
T00830,C0048,10,2024-01-28 09:13:00.0000000,2,70026,35013
T00831,C0184,83,2024-05-19 18:25:00.0000000,2,91144,45572
T00832,C0064,25,2024-05-07 01:08:00.0000000,3,85386,28462
T00833,C0187,68,2024-01-09 11:36:00.0000000,3,134169,44723
T00834,C0090,61,2024-05-16 01:56:00.0000000,3,47088,15696
T00835,C0190,29,2024-12-16 09:49:00.0000000,1,43364,43364
T00836,C0076,19,2024-04-25 14:43:00.0000000,1,38537,38537
T00837,C0139,43,2024-09-20 04:55:00.0000000,2,8088,4044
T00838,C0101,66,2024-07-24 17:40:00.0000000,1,33722,33722
T00839,C0089,74,2024-12-03 21:30:00.0000000,3,88674,29558
T00840,C0018,61,2024-03-28 17:43:00.0000000,3,47088,15696
T00841,C0019,43,2024-07-01 13:07:00.0000000,1,4044,4044
T00842,C0055,25,2024-01-24 06:58:00.0000000,4,113848,28462
T00843,C0102,20,2024-08-08 19:49:00.0000000,2,79268,39634
T00844,C0118,48,2024-12-18 04:17:00.0000000,4,16656,4164
T00845,C0154,83,2023-12-31 15:44:00.0000000,2,91144,45572
T00846,C0134,87,2024-11-10 10:56:00.0000000,4,116068,29017
T00847,C0004,24,2024-10-24 16:28:00.0000000,1,33866,33866
T00848,C0108,11,2024-09-25 01:50:00.0000000,2,5224,2612
T00849,C0115,98,2024-01-31 09:08:00.0000000,2,59986,29993
T00850,C0029,55,2024-03-03 06:11:00.0000000,2,25706,12853
T00851,C0059,28,2024-02-13 06:45:00.0000000,3,70674,23558
T00852,C0125,69,2024-08-24 09:50:00.0000000,3,30243,10081
T00853,C0098,63,2024-12-23 18:36:00.0000000,4,13436,3359
T00854,C0017,59,2024-07-14 10:29:00.0000000,1,3032,3032
T00855,C0107,5,2024-08-16 19:51:00.0000000,3,128793,42931
T00856,C0043,51,2024-09-19 14:24:00.0000000,2,13032,6516
T00857,C0080,21,2024-03-12 15:48:00.0000000,3,100752,33584
T00858,C0194,12,2024-08-18 00:51:00.0000000,1,1596,1596
T00859,C0162,50,2024-01-11 14:19:00.0000000,3,131295,43765
T00860,C0008,4,2024-08-22 03:25:00.0000000,2,19138,9569
T00861,C0141,42,2024-09-26 21:52:00.0000000,4,151776,37944
T00862,C0106,84,2024-05-06 07:02:00.0000000,2,67582,33791
T00863,C0008,38,2024-11-08 20:46:00.0000000,1,14722,14722
T00864,C0096,25,2024-08-22 05:45:00.0000000,4,113848,28462
T00865,C0094,14,2024-04-28 10:46:00.0000000,3,7878,2626
T00866,C0065,75,2024-12-10 01:50:00.0000000,3,149328,49776
T00867,C0171,32,2024-10-23 16:23:00.0000000,3,146589,48863
T00868,C0039,11,2024-09-08 14:32:00.0000000,4,10448,2612
T00869,C0081,61,2023-12-30 15:29:00.0000000,2,31392,15696
T00870,C0187,18,2024-05-02 14:16:00.0000000,4,174756,43689
T00871,C0084,27,2024-03-12 11:15:00.0000000,4,91624,22906
T00872,C0088,55,2024-06-02 13:27:00.0000000,1,12853,12853
T00873,C0086,54,2024-08-02 11:13:00.0000000,4,2292,573
T00874,C0093,82,2024-09-12 04:48:00.0000000,3,16797,5599
T00875,C0086,87,2024-09-26 23:20:00.0000000,2,58034,29017
T00876,C0044,75,2024-10-22 02:45:00.0000000,2,99552,49776
T00877,C0137,21,2024-01-31 15:36:00.0000000,2,67168,33584
T00878,C0165,44,2024-09-24 21:15:00.0000000,3,5646,1882
T00879,C0074,5,2024-01-20 17:46:00.0000000,3,128793,42931
T00880,C0036,87,2024-11-02 12:20:00.0000000,3,87051,29017
T00881,C0101,41,2024-08-19 04:22:00.0000000,3,136884,45628
T00882,C0156,59,2024-09-21 14:11:00.0000000,3,9096,3032
T00883,C0170,89,2024-05-10 03:22:00.0000000,4,88364,22091
T00884,C0171,54,2024-01-28 18:40:00.0000000,3,1719,573
T00885,C0170,74,2024-09-13 07:08:00.0000000,3,88674,29558
T00886,C0104,22,2024-10-28 14:36:00.0000000,3,41262,13754
T00887,C0066,83,2024-08-28 20:52:00.0000000,3,136716,45572
T00888,C0055,65,2024-05-24 09:36:00.0000000,2,85522,42761
T00889,C0200,64,2024-10-03 04:33:00.0000000,3,135726,45242
T00890,C0176,71,2024-02-02 14:46:00.0000000,4,50944,12736
T00891,C0091,4,2024-07-24 23:11:00.0000000,4,38276,9569
T00892,C0022,65,2024-04-06 10:33:00.0000000,4,171044,42761
T00893,C0101,15,2024-03-24 16:37:00.0000000,1,15893,15893
T00894,C0155,76,2024-09-12 09:37:00.0000000,2,85858,42929
T00895,C0121,22,2024-05-03 18:35:00.0000000,3,41262,13754
T00896,C0093,86,2024-03-26 18:01:00.0000000,1,4407,4407
T00897,C0195,47,2024-04-30 14:23:00.0000000,3,47799,15933
T00898,C0108,81,2024-07-26 21:44:00.0000000,1,6632,6632
T00899,C0141,93,2024-04-30 17:03:00.0000000,1,30494,30494
T00900,C0173,46,2024-09-01 18:30:00.0000000,4,146428,36607
T00901,C0010,14,2024-05-12 11:53:00.0000000,4,10504,2626
T00902,C0009,50,2024-10-12 04:57:00.0000000,1,43765,43765
T00903,C0182,20,2024-01-29 19:25:00.0000000,4,158536,39634
T00904,C0155,50,2024-01-17 03:47:00.0000000,1,43765,43765
T00905,C0034,33,2024-09-22 00:00:00.0000000,2,1285,6425
T00906,C0129,59,2024-10-10 12:25:00.0000000,4,12128,3032
T00907,C0160,43,2024-02-15 17:18:00.0000000,4,16176,4044
T00908,C0089,79,2024-02-12 15:27:00.0000000,4,166948,41737
T00909,C0093,12,2024-01-01 14:29:00.0000000,2,3192,1596
T00910,C0071,40,2024-05-22 03:47:00.0000000,1,15319,15319
T00911,C0067,20,2024-06-14 21:37:00.0000000,3,118902,39634
T00912,C0148,94,2024-10-02 16:00:00.0000000,4,178936,44734
T00913,C0117,38,2024-02-08 17:57:00.0000000,1,14722,14722
T00914,C0094,3,2024-03-10 12:10:00.0000000,2,8824,4412
T00915,C0163,28,2024-07-26 15:47:00.0000000,3,70674,23558
T00916,C0099,56,2024-11-10 19:32:00.0000000,4,6432,1608
T00917,C0113,90,2024-01-18 09:04:00.0000000,2,3306,1653
T00918,C0103,94,2024-08-20 02:24:00.0000000,2,89468,44734
T00919,C0091,13,2024-03-10 12:56:00.0000000,3,3426,1142
T00920,C0090,77,2024-04-26 11:22:00.0000000,1,26551,26551
T00921,C0017,66,2024-12-01 22:55:00.0000000,4,134888,33722
T00922,C0018,37,2024-04-05 13:05:00.0000000,4,183944,45986
T00923,C0173,49,2024-07-19 10:31:00.0000000,1,14795,14795
T00924,C0116,66,2024-04-02 00:16:00.0000000,1,33722,33722
T00925,C0093,36,2024-04-04 03:50:00.0000000,1,37255,37255
T00926,C0181,54,2024-08-16 02:29:00.0000000,3,1719,573
T00927,C0091,26,2024-04-22 18:28:00.0000000,3,19314,6438
T00928,C0082,75,2024-09-06 18:39:00.0000000,4,199104,49776
T00929,C0068,72,2024-12-24 23:45:00.0000000,3,119802,39934
T00930,C0193,40,2024-05-27 09:32:00.0000000,2,30638,15319
T00931,C0114,43,2024-09-04 22:08:00.0000000,4,16176,4044
T00932,C0001,22,2024-09-17 09:01:00.0000000,3,41262,13754
T00933,C0058,20,2024-02-01 14:24:00.0000000,1,39634,39634
T00934,C0154,8,2024-09-19 14:18:00.0000000,2,2937,14685
T00935,C0109,29,2024-09-21 09:44:00.0000000,1,43364,43364
T00936,C0148,40,2024-06-11 20:36:00.0000000,4,61276,15319
T00937,C0116,90,2024-10-30 08:16:00.0000000,1,1653,1653
T00938,C0087,30,2024-02-21 18:51:00.0000000,3,83358,27786
T00939,C0010,81,2024-03-29 07:04:00.0000000,3,19896,6632
T00940,C0059,84,2024-09-14 15:29:00.0000000,4,135164,33791
T00941,C0041,55,2024-07-20 10:39:00.0000000,1,12853,12853
T00942,C0105,16,2024-06-19 06:55:00.0000000,4,13202,33005
T00943,C0133,46,2024-01-01 10:21:00.0000000,1,36607,36607
T00944,C0122,62,2024-10-08 19:57:00.0000000,2,74832,37416
T00945,C0193,7,2024-05-22 21:58:00.0000000,3,126045,42015
T00946,C0145,80,2024-07-22 05:37:00.0000000,4,12140,3035
T00947,C0022,45,2024-08-11 12:13:00.0000000,2,96356,48178
T00948,C0098,59,2024-01-20 12:30:00.0000000,2,6064,3032
T00949,C0169,56,2024-02-16 14:52:00.0000000,4,6432,1608
T00950,C0068,48,2024-02-28 16:08:00.0000000,4,16656,4164
T00951,C0197,27,2024-12-27 18:20:00.0000000,2,45812,22906
T00952,C0139,53,2024-10-06 06:02:00.0000000,1,27494,27494
T00953,C0056,87,2024-03-07 21:09:00.0000000,2,58034,29017
T00954,C0179,88,2024-10-10 04:15:00.0000000,4,10542,26355
T00955,C0149,73,2024-08-29 14:05:00.0000000,2,5398,2699
T00956,C0099,35,2024-05-28 01:25:00.0000000,1,3059,3059
T00957,C0076,51,2024-02-21 04:21:00.0000000,3,19548,6516
T00958,C0026,84,2024-10-07 21:52:00.0000000,3,101373,33791
T00959,C0115,37,2024-09-29 10:16:00.0000000,2,91972,45986
T00960,C0147,81,2024-09-10 12:40:00.0000000,1,6632,6632
T00961,C0109,95,2024-11-02 01:55:00.0000000,3,68178,22726
T00962,C0188,57,2024-11-29 19:49:00.0000000,2,4794,2397
T00963,C0199,8,2024-10-26 00:01:00.0000000,2,2937,14685
T00964,C0047,79,2024-08-05 13:12:00.0000000,1,41737,41737
T00965,C0071,95,2024-08-23 15:53:00.0000000,4,90904,22726
T00966,C0154,94,2024-03-04 05:11:00.0000000,2,89468,44734
T00967,C0040,20,2024-07-19 09:25:00.0000000,4,158536,39634
T00968,C0133,53,2024-12-05 17:47:00.0000000,4,109976,27494
T00969,C0149,12,2024-07-30 08:34:00.0000000,3,4788,1596
T00970,C0132,49,2024-11-17 06:14:00.0000000,4,5918,14795
T00971,C0023,17,2024-06-22 21:26:00.0000000,1,46977,46977
T00972,C0106,64,2024-11-01 06:54:00.0000000,3,135726,45242
T00973,C0084,42,2024-07-12 22:15:00.0000000,3,113832,37944
T00974,C0143,94,2024-12-18 17:13:00.0000000,3,134202,44734
T00975,C0116,29,2024-06-16 15:47:00.0000000,2,86728,43364
T00976,C0109,19,2024-08-07 01:34:00.0000000,2,77074,38537
T00977,C0136,11,2024-01-16 15:56:00.0000000,4,10448,2612
T00978,C0041,98,2024-12-15 21:18:00.0000000,3,89979,29993
T00979,C0112,50,2024-05-08 03:42:00.0000000,3,131295,43765
T00980,C0147,71,2024-03-30 09:01:00.0000000,1,12736,12736
T00981,C0112,58,2024-07-10 02:32:00.0000000,4,63048,15762
T00982,C0103,34,2024-07-17 03:25:00.0000000,1,21705,21705
T00983,C0046,20,2024-04-30 08:50:00.0000000,4,158536,39634
T00984,C0156,50,2024-05-04 11:33:00.0000000,4,17506,43765
T00985,C0068,88,2024-07-30 21:37:00.0000000,2,5271,26355
T00986,C0122,10,2024-05-20 10:52:00.0000000,2,70026,35013
T00987,C0015,32,2024-02-10 12:35:00.0000000,1,48863,48863
T00988,C0165,52,2024-09-06 06:43:00.0000000,4,141924,35481
T00989,C0129,15,2024-05-28 14:48:00.0000000,3,47679,15893
T00990,C0195,84,2024-08-18 21:30:00.0000000,2,67582,33791
T00991,C0111,3,2024-01-26 22:34:00.0000000,3,13236,4412
T00992,C0024,37,2024-04-21 10:52:00.0000000,1,45986,45986
T00993,C0027,40,2024-03-08 09:48:00.0000000,2,30638,15319
T00994,C0040,72,2024-01-06 21:49:00.0000000,2,79868,39934
T00995,C0191,40,2024-06-04 06:32:00.0000000,4,61276,15319
T00996,C0189,56,2024-01-31 19:34:00.0000000,1,1608,1608
T00997,C0164,23,2024-11-01 23:04:00.0000000,4,181812,45453
T00998,C0024,11,2024-06-19 17:52:00.0000000,2,5224,2612
T00999,C0024,64,2024-02-24 12:09:00.0000000,1,45242,45242
T01000,C0004,8,2024-02-28 10:16:00.0000000,2,2937,14685
